{
  "total_backtests": 2697,
  "positive_oos_sharpe": 1326,
  "cleared_0.5_oos_sharpe": 384,
  "survivors": 35,
  "survival_rate": 0.012977382276603633,
  "survival_by_category": {
    "MEAN_REVERSION": 0.025198938992042442,
    "COMPOSITE": 0.011494252873563218,
    "TREND": 0.010425020048115477,
    "PATTERN": 0.005747126436781609,
    "VOLATILITY": 0.005747126436781609,
    "VOLUME": 0.0
  },
  "survival_by_family": {
    "dual_momentum": 0.20689655172413793,
    "percent_b_revert": 0.06896551724137931,
    "keltner_revert": 0.06896551724137931,
    "rsi_revert": 0.04741379310344827,
    "macd_rsi_confirm": 0.034482758620689655,
    "ultimate_oscillator_revert": 0.034482758620689655,
    "cci_revert": 0.017241379310344827,
    "donchian_breakout": 0.017241379310344827,
    "bollinger_revert": 0.017241379310344827,
    "pivot_bounce": 0.017241379310344827,
    "zscore_revert": 0.008620689655172414,
    "atr_breakout": 0.008620689655172414,
    "chaikin_money_flow": 0.0,
    "aroon": 0.0,
    "adx_trend": 0.0,
    "force_index": 0.0,
    "engulfing": 0.0,
    "elder_ray": 0.0,
    "connors_rsi_revert": 0.0,
    "chaikin_oscillator": 0.0,
    "chandelier_exit": 0.0,
    "bollinger_breakout": 0.0,
    "ichimoku": 0.0,
    "ma_crossover": 0.0,
    "linreg_slope": 0.0,
    "kama": 0.0,
    "macd": 0.0,
    "obv_trend": 0.0,
    "gap_fade": 0.0,
    "hull_ma": 0.0,
    "higher_highs_lower_lows": 0.0,
    "roc_momentum": 0.0,
    "parabolic_sar": 0.0,
    "money_flow_index": 0.0,
    "squeeze_breakout": 0.0,
    "three_bar_reversal": 0.0,
    "triple_screen": 0.0,
    "stochastic_revert": 0.0,
    "supertrend": 0.0,
    "ts_momentum": 0.0,
    "trix": 0.0,
    "volatility_breakout": 0.0,
    "turtle_breakout": 0.0,
    "volume_surge": 0.0,
    "vortex": 0.0,
    "vwap_revert": 0.0,
    "williams_r_revert": 0.0
  },
  "mean_oos_sharpe_by_category": {
    "MEAN_REVERSION": 0.13707867469734297,
    "TREND": -0.05307590860751306,
    "PATTERN": -0.07785654583012373,
    "VOLUME": -0.14678590184481202,
    "COMPOSITE": -0.16387639176255228,
    "VOLATILITY": -0.2089956606474926
  },
  "failure_counts_by_filter": {
    "min_oos_sharpe": 1293,
    "max_drawdown": 1112,
    "oos_over_is_ratio": 145,
    "positive_in_sample": 84,
    "min_trade_count": 28
  },
  "concentration_warning": ""
}